order_year,avg_order_value
2016,1369.079824
2017,1665.317992
2018,2064.311476
